iri	label	source_vocabulary
http://edamontology.org/topic_0622	Genomics	EDAM
http://edamontology.org/topic_3308	Transcriptomics	EDAM
http://edamontology.org/topic_3173	Epigenomics	EDAM
http://edamontology.org/topic_0121	Proteomics	EDAM
http://edamontology.org/topic_3172	Metabolomics	EDAM
http://edamontology.org/topic_3384	Medical Imaging	EDAM
http://purl.bioontology.org/ontology/MESH/D011795	Surveys and Questionnaires	MeSH
http://edamontology.org/topic_4021	Multiomics	EDAM
http://edamontology.org/topic_3174	Metagenomics	EDAM
